-- phpMyAdmin SQL Dump
-- version 5.1.1
-- https://www.phpmyadmin.net/
--
-- Host: localhost
-- Generation Time: Oct 28, 2021 at 10:28 AM
-- Server version: 10.4.21-MariaDB
-- PHP Version: 8.0.10

SET SQL_MODE = "NO_AUTO_VALUE_ON_ZERO";
START TRANSACTION;
SET time_zone = "+00:00";


/*!40101 SET @OLD_CHARACTER_SET_CLIENT=@@CHARACTER_SET_CLIENT */;
/*!40101 SET @OLD_CHARACTER_SET_RESULTS=@@CHARACTER_SET_RESULTS */;
/*!40101 SET @OLD_COLLATION_CONNECTION=@@COLLATION_CONNECTION */;
/*!40101 SET NAMES utf8mb4 */;

--
-- Database: `Minor_project`
--

-- --------------------------------------------------------

--
-- Table structure for table `admin`
--

CREATE TABLE `admin` (
  `admin_id` int(11) NOT NULL,
  `admin_name` varchar(255) COLLATE utf8_bin NOT NULL,
  `admin_email` varchar(255) COLLATE utf8_bin NOT NULL,
  `admin_pass` varchar(255) COLLATE utf8_bin NOT NULL
) ENGINE=InnoDB DEFAULT CHARSET=utf8 COLLATE=utf8_bin;

--
-- Dumping data for table `admin`
--

INSERT INTO `admin` (`admin_id`, `admin_name`, `admin_email`, `admin_pass`) VALUES
(1, 'Vijay', 'vijay@gmail.com', 'vijay'),
(2, 'Smily', 'smily@gmail.com', 'smily');

-- --------------------------------------------------------

--
-- Table structure for table `course`
--

CREATE TABLE `course` (
  `course_id` int(11) NOT NULL,
  `course_name` text COLLATE utf8_bin NOT NULL,
  `course_desc` text COLLATE utf8_bin NOT NULL,
  `course_author` varchar(255) COLLATE utf8_bin NOT NULL,
  `course_img` text COLLATE utf8_bin NOT NULL,
  `course_duration` text COLLATE utf8_bin NOT NULL,
  `course_price` int(11) NOT NULL,
  `course_original_price` int(11) NOT NULL
) ENGINE=InnoDB DEFAULT CHARSET=utf8 COLLATE=utf8_bin;

--
-- Dumping data for table `course`
--

INSERT INTO `course` (`course_id`, `course_name`, `course_desc`, `course_author`, `course_img`, `course_duration`, `course_price`, `course_original_price`) VALUES
(8, 'Learn Guitar The Easy Wayy', 'This course is your \"Free Pass\" to playing guitar. It is the most direct and to the point complete online guitar course.', 'Adil', '../image/courseimg/Guitar.jpg', '3 Hours', 1655, 1800),
(9, 'Complete PHP Bootcamp', 'This course will help you get all the Object Oriented PHP, MYSQLi and ending the course by building a CMS system.', 'Rajesh Kumar', '../image/courseimg/php.jpg', '3 Months', 700, 1700),
(10, 'Learn Python A-Z', 'This is the most comprehensive, yet straight-forward, course for the Python programming language.', 'Rahul Kumar', '../image/courseimg/Python.jpg', '4 Months', 800, 1800),
(11, 'Hands-on Artificial Intelligence', 'Learn and Master how AI works and how it is changing our lives in this Course.\r\nlives in this Course.', 'Jay Veeru', '../image/courseimg/ai.jpg', '6 Months', 900, 1900),
(12, 'Learn Vue JS', 'The skills you will learn from this course is applicable to the real world, so you can go ahead and build similar app.', 'Jay Shukla', '../image/courseimg/vue.jpg', '2 Months', 100, 1000),
(13, 'Angular JS', 'Angular is one of the most popular frameworks for building client apps with HTML, CSS and TypeScript.', 'Sonam Gupta', '../image/courseimg/angular.jpg', '4 Month', 800, 1600),
(16, 'Python Complete', 'This is complete Python Course', 'RK', '../image/courseimg/Python.jpg', '4 hours', 500, 4000),
(17, 'Learn React Native', 'This is react native for android and iso app development', 'GeekyShows', '../image/courseimg/Machine.jpg', '2 months', 200, 3000);

-- --------------------------------------------------------

--
-- Table structure for table `courseorder`
--

CREATE TABLE `courseorder` (
  `co_id` int(11) NOT NULL,
  `order_id` varchar(255) COLLATE utf8_bin NOT NULL,
  `stu_email` varchar(255) COLLATE utf8_bin NOT NULL,
  `course_id` int(11) NOT NULL,
  `status` varchar(255) COLLATE utf8_bin NOT NULL,
  `respmsg` text COLLATE utf8_bin NOT NULL,
  `amount` int(11) NOT NULL,
  `order_date` date NOT NULL
) ENGINE=InnoDB DEFAULT CHARSET=utf8 COLLATE=utf8_bin;

--
-- Dumping data for table `courseorder`
--

INSERT INTO `courseorder` (`co_id`, `order_id`, `stu_email`, `course_id`, `status`, `respmsg`, `amount`, `order_date`) VALUES
(1, 'ORDS47710672', 'pooja@gmail.com', 10, 'Success', 'Done', 800, '2028-10-21'),
(2, 'ORDS56232616', 'deepak@gmail.com', 17, 'Success', 'Done', 200, '2028-10-21'),
(3, 'ORDS85993439', 'divya@gmail.com', 8, 'Success', 'Done', 1655, '2028-10-21'),
(4, 'ORDS20113695', 'jyoti@gmail.com', 11, 'Success', 'Done', 900, '2028-10-21'),
(5, 'ORDS62962802', 'vijay@gmail.com', 16, 'Success', 'Done', 500, '2028-10-21'),
(6, 'ORDS67622675', 'smily@gmail.com', 12, 'Success', 'Done', 100, '2028-10-21');

-- --------------------------------------------------------

--
-- Table structure for table `feedback`
--

CREATE TABLE `feedback` (
  `f_id` int(11) NOT NULL,
  `f_content` text COLLATE utf8_bin NOT NULL,
  `stu_id` int(11) NOT NULL
) ENGINE=InnoDB DEFAULT CHARSET=utf8 COLLATE=utf8_bin;

--
-- Dumping data for table `feedback`
--

INSERT INTO `feedback` (`f_id`, `f_content`, `stu_id`) VALUES
(3, 'My life at iLearning made me stronger and took me a step ahead for being an independent women. I am thankful to all the teachers who supported us and corrected us throughout our career. I am very grateful to the iLearning for providing us the best of placement opportunities and finally I got placed in DC Marvel.', 171),
(8, 'I am grateful to iLearning - both the faculty and the Training & Placement Department. They have made efforts ensuring maximum number of placed students. Due to the efforts made by the faculty and placement cell. I was able to bag a job in the second company.', 172),
(9, 'iLearning is a place of learning, fun, culture, lore, literature and many such life preaching activities. Studying at the iLearning brought an added value to my life.', 173),
(10, 'Think Magical, that is one thing that iLearning urges in and to far extent succeed in teaching to its students which invariably helps to achieve what you need.', 174),
(12, 'Knowledge is power. Information is liberating. Education is the premise of progress, in every society, in every family.', 180),
(13, 'This is Awesome iLearning Jindabaad', 182);

-- --------------------------------------------------------

--
-- Table structure for table `lesson`
--

CREATE TABLE `lesson` (
  `lesson_id` int(11) NOT NULL,
  `lesson_name` text COLLATE utf8_bin NOT NULL,
  `lesson_desc` text COLLATE utf8_bin NOT NULL,
  `lesson_link` text COLLATE utf8_bin NOT NULL,
  `course_id` int(11) NOT NULL,
  `course_name` text COLLATE utf8_bin NOT NULL
) ENGINE=InnoDB DEFAULT CHARSET=utf8 COLLATE=utf8_bin;

--
-- Dumping data for table `lesson`
--

INSERT INTO `lesson` (`lesson_id`, `lesson_name`, `lesson_desc`, `lesson_link`, `course_id`, `course_name`) VALUES
(32, 'Introduction to Python ', 'Introduction to Python Desc', '../lessonvid/video2.mp4', 10, 'Learn Python A-Z'),
(33, 'How Python Works', 'How Python Works Desc', '../lessonvid/video3.mp4', 10, 'Learn Python A-Z'),
(34, 'Why Python is powerful', 'Why Python is powerful Desc', '../lessonvid/video9.mp4', 10, 'Learn Python A-Z'),
(35, 'Everyone should learn Python', 'Everyone should learn Python Desc', '../lessonvid/video1.mp4', 10, 'Learn Python A-Z'),
(36, 'Introduction to PHP', 'Introduction to PHP Desc', '../lessonvid/video4.mp4', 9, 'Complete PHP Bootcamp'),
(37, 'How PHP works', 'How PHP works Desc', '../lessonvid/video5.mp4', 9, 'Complete PHP Bootcamp'),
(38, 'is PHP really easy ?', 'is PHP really easy ? desc', '../lessonvid/video6.mp4', 9, 'Complete PHP Bootcamp'),
(39, 'Introduction to Guitar', 'Introduction to Guitar desc', '../lessonvid/video7.mp4', 8, 'Learn Guitar The Easy Way'),
(40, 'Type of Guitar', 'Type of Guitar Desc', '../lessonvid/video8.mp4', 8, 'Learn Guitar The Easy Way'),
(41, 'Intro Hands-on Artificial Intelligence', 'Intro Hands-on Artificial Intelligence desc', '../lessonvid/video10.mp4', 11, 'Hands-on Artificial Intelligence'),
(42, 'How it works', 'How it works desc', '../lessonvid/video11.mp4', 11, 'Hands-on Artificial Intelligence'),
(43, 'Inro Learn Vue JS', 'Inro Learn Vue JS desc', '../lessonvid/video12.mp4', 12, '../lessonvid/video12.mp4'),
(44, 'Intro Angular JS', 'Intro Angular JS desc', '../lessonvid/video13.mp4', 13, 'Angular JS'),
(48, 'Intro to Python Complete', 'This is lesson number 1', '../lessonvid/video11.mp4', 16, 'Python Complete'),
(49, 'Introduction to React Native', 'This intro video of React native', '../lessonvid/video11.mp4', 17, 'Learn React Native');

-- --------------------------------------------------------

--
-- Table structure for table `student`
--

CREATE TABLE `student` (
  `stu_id` int(11) NOT NULL,
  `stu_name` varchar(255) COLLATE utf8_bin NOT NULL,
  `stu_email` varchar(255) COLLATE utf8_bin NOT NULL,
  `stu_pass` varchar(255) COLLATE utf8_bin NOT NULL,
  `stu_occ` varchar(255) COLLATE utf8_bin NOT NULL,
  `stu_img` text COLLATE utf8_bin NOT NULL
) ENGINE=InnoDB DEFAULT CHARSET=utf8 COLLATE=utf8_bin;

--
-- Dumping data for table `student`
--

INSERT INTO `student` (`stu_id`, `stu_name`, `stu_email`, `stu_pass`, `stu_occ`, `stu_img`) VALUES
(171, ' Pooja', 'pooja@gmail.com', 'pooja', ' Web Designer', '../image/stu/student2.jpg'),
(172, ' Deepak', 'deepak@gmail.com', 'deepak', ' Web Developer', '../image/stu/student4.jpg'),
(173, ' Rohit', 'rohit@gmail.com', 'rohit', ' Web Developer', '../image/stu/student1.jpg'),
(174, ' Divya', 'divya@gmail.com', 'divya', ' Web Designer', '../image/stu/student3.jpg'),
(176, ' Anuj', 'anuj@gmail.com', 'anuj', ' Software Engg', '../image/stu/shaktiman.jpg'),
(178, ' Jyoti', 'jyoti@gmail.com', 'jyoti', ' Web Dev', '../image/stu/super-mario-2690254_1280.jpg'),
(182, ' Sonam', 'sonam@gmail.com', 'sonam', ' Web Dev', '../image/stu/pexels-photo-120222.jpeg'),
(183, 'Smily', 'smily@gmail.com', 'smily', 'Soft Dev', ''),
(184, 'Vijay', 'vijay@gmail.com', 'vijay', 'Web Dev', '');

--
-- Indexes for dumped tables
--

--
-- Indexes for table `admin`
--
ALTER TABLE `admin`
  ADD PRIMARY KEY (`admin_id`);

--
-- Indexes for table `course`
--
ALTER TABLE `course`
  ADD PRIMARY KEY (`course_id`);

--
-- Indexes for table `courseorder`
--
ALTER TABLE `courseorder`
  ADD PRIMARY KEY (`co_id`);

--
-- Indexes for table `feedback`
--
ALTER TABLE `feedback`
  ADD PRIMARY KEY (`f_id`);

--
-- Indexes for table `lesson`
--
ALTER TABLE `lesson`
  ADD PRIMARY KEY (`lesson_id`);

--
-- Indexes for table `student`
--
ALTER TABLE `student`
  ADD PRIMARY KEY (`stu_id`);

--
-- AUTO_INCREMENT for dumped tables
--

--
-- AUTO_INCREMENT for table `admin`
--
ALTER TABLE `admin`
  MODIFY `admin_id` int(11) NOT NULL AUTO_INCREMENT, AUTO_INCREMENT=3;

--
-- AUTO_INCREMENT for table `course`
--
ALTER TABLE `course`
  MODIFY `course_id` int(11) NOT NULL AUTO_INCREMENT, AUTO_INCREMENT=18;

--
-- AUTO_INCREMENT for table `courseorder`
--
ALTER TABLE `courseorder`
  MODIFY `co_id` int(11) NOT NULL AUTO_INCREMENT, AUTO_INCREMENT=7;

--
-- AUTO_INCREMENT for table `feedback`
--
ALTER TABLE `feedback`
  MODIFY `f_id` int(11) NOT NULL AUTO_INCREMENT, AUTO_INCREMENT=14;

--
-- AUTO_INCREMENT for table `lesson`
--
ALTER TABLE `lesson`
  MODIFY `lesson_id` int(11) NOT NULL AUTO_INCREMENT, AUTO_INCREMENT=50;

--
-- AUTO_INCREMENT for table `student`
--
ALTER TABLE `student`
  MODIFY `stu_id` int(11) NOT NULL AUTO_INCREMENT, AUTO_INCREMENT=186;
COMMIT;

/*!40101 SET CHARACTER_SET_CLIENT=@OLD_CHARACTER_SET_CLIENT */;
/*!40101 SET CHARACTER_SET_RESULTS=@OLD_CHARACTER_SET_RESULTS */;
/*!40101 SET COLLATION_CONNECTION=@OLD_COLLATION_CONNECTION */;
